question,Selected Route,Retrieved Context,Final Answer,timestamp
Compare Virat Kohli and Neeraj Chopra,Both,"Name: Virat Kohli
Country: India
Role: Batsman
Batting/Bowling Style: Right-hand bat
Era: 2008-present
Notable Achievements: One of the greatest ODI chasers
Background: Renowned for consistency, fitness and intensity in all formats.


Name: Rohit Sharma
Country: India
Role: Batsman
Batting/Bowling Style: Right-hand bat
Era: 2007-present
Notable Achievements: Highest ODI score (264); 2024 T20 WC captain
Background: The 'Hitman', a dominant white-ball opener and captain.


Name: Kumar Sangakkara
Country: Sri Lanka
Role: Wicket-keeper Batsman
Batting/Bowling Style: Left-hand bat
Era: 2000-2015
Notable Achievements: One of the most prolific batsmen ever
Background: An elegant left-hander and eloquent ambassador.


Name: Neeraj Chopra
Sport: Athletics
Event: Javelin Throw
Olympic Medal(s): Gold; Silver
Games (Year): Tokyo 2020; Paris 2024
Home State: Haryana
Born: 1997
Background: From Panipat, Haryana. India's first Olympic gold in track and field (87.58m in Tokyo). Won silver at Paris 2024 (89.45m), becoming the only Indian with back-to-back individual Olympic medals in the same event. A subedar in the Indian Army.


Name: Vijay Kumar
Sport: Shooting
Event: 25m Rapid Fire Pistol
Olympic Medal(s): Silver
Games (Year): London 2012
Home State: Himachal Pradesh
Born: 1985
Background: An Indian Army marksman who won silver at London 2012.


Name: P. V. Sindhu
Sport: Badminton
Event: Women's Singles
Olympic Medal(s): Silver; Bronze
Games (Year): Rio 2016; Tokyo 2020
Home State: Telangana
Born: 1995
Background: From Hyderabad. First Indian woman to win two individual Olympic medals. Trained under Pullela Gopichand. World Champion in 2019.
","Virat Kohli and Neeraj Chopra are from different sports. Virat Kohli is a cricketer from India, specifically a right-hand bat, while Neeraj Chopra is an athlete from India, specializing in the Javelin Throw event. 

Virat Kohli is known for his consistency, fitness, and intensity in cricket, whereas Neeraj Chopra is renowned for being India's first Olympic gold medalist in track and field, winning gold in Tokyo 2020 and silver in Paris 2024. 

The two differ in their sport, role, and achievements, with Virat Kohli being one of the greatest ODI chasers and Neeraj Chopra being a record-holder in Javelin Throw.",2026-08-02 14:15:28.677244
